2025-09-30_01-36-56,None,draft.py:2025-09-30_01-36-56
2025-09-30_01-59-50,None,draft.py:2025-09-30_01-59-50
2025-09-30_01-59-58,None,draft.py:2025-09-30_01-59-50
2025-09-30_02-00-10,None,draft.py:2025-09-30_01-59-50
2025-10-04_19-47-15,None,draft.py:2025-10-04_19-47-15
2025-10-04_19-47-17,None,draft.py:2025-10-04_19-47-15
2025-10-04_19-47-25,None,draft.py:2025-10-04_19-47-15
2025-10-04_19-47-32,None,draft.py:2025-10-04_19-47-15
2025-10-04_19-47-32,None,draft.py:2025-10-04_19-47-15
2025-10-04_20-34-05,None,draft.py:2025-10-04_19-47-15
2025-10-04_20-34-19,None,draft.py:2025-10-04_19-47-15
2025-10-04_20-53-48,None,draft.py:2025-10-04_19-47-15
2025-10-04_20-58-23,None,draft.py:2025-10-04_20-58-23
2025-10-04_20-58-40,None,draft.py:2025-10-04_20-58-23
2025-10-04_21-00-06,None,draft.py:2025-10-04_20-58-23
2025-10-04_21-01-51,None,draft.py:2025-10-04_20-58-23
2025-10-04_21-02-30,None,draft.py:2025-10-04_20-58-23
2025-10-04_21-13-59,None,draft.py:2025-10-04_20-58-23
2025-10-04_21-16-20,None,draft.py:2025-10-04_20-58-23
2025-10-04_21-16-49,None,draft.py:2025-10-04_20-58-23
2025-10-04_21-17-42,None,draft.py:2025-10-04_20-58-23
2025-10-04_21-18-12,None,draft.py:2025-10-04_20-58-23
2025-10-04_21-24-53,None,draft.py:2025-10-04_20-58-23
2025-10-04_21-25-35,None,draft.py:2025-10-04_21-25-35
2025-10-04_21-26-37,None,draft.py:2025-10-04_21-25-35
2025-10-04_21-27-34,None,draft.py:2025-10-04_21-25-35
2025-10-04_21-27-46,None,draft.py:2025-10-04_21-25-35
2025-10-04_21-28-05,None,draft.py:2025-10-04_21-25-35
2025-10-04_21-28-29,None,draft.py:2025-10-04_21-25-35
2025-10-04_21-29-02,None,draft.py:2025-10-04_21-25-35
2025-10-04_21-29-43,None,draft.py:2025-10-04_21-25-35
2025-10-04_21-30-04,None,draft.py:2025-10-04_21-25-35
2025-10-04_21-30-52,None,draft.py:2025-10-04_21-25-35
2025-10-04_21-31-07,None,draft.py:2025-10-04_21-25-35
2025-10-04_21-32-05,None,draft.py:2025-10-04_21-25-35
2025-10-04_21-32-18,None,draft.py:2025-10-04_21-25-35
2025-10-04_21-32-28,None,draft.py:2025-10-04_21-25-35
2025-10-04_21-32-59,None,draft.py:2025-10-04_21-25-35
2025-10-04_21-33-17,None,draft.py:2025-10-04_21-25-35
2025-10-04_21-33-37,None,draft.py:2025-10-04_21-25-35
2025-10-04_21-33-58,None,draft.py:2025-10-04_21-25-35
2025-10-04_21-34-19,None,draft.py:2025-10-04_21-25-35
2025-10-04_21-35-49,None,draft.py:2025-10-04_21-25-35
2025-10-04_21-36-04,None,draft.py:2025-10-04_21-25-35
2025-10-04_21-36-21,None,draft.py:2025-10-04_21-25-35
2025-10-04_21-36-38,None,draft.py:2025-10-04_21-25-35
2025-10-04_21-37-12,None,draft.py:2025-10-04_21-25-35
2025-10-04_21-37-57,None,draft.py:2025-10-04_21-25-35
2025-10-04_21-38-51,None,draft.py:2025-10-04_21-25-35
2025-10-04_21-39-12,None,draft.py:2025-10-04_21-25-35
2025-10-04_21-40-13,None,draft.py:2025-10-04_21-25-35
2025-10-05_17-22-45,None,draft.py:2025-10-05_17-22-45
2025-10-05_17-23-01,None,draft.py:2025-10-05_17-22-45
2025-10-05_17-24-09,None,draft.py:2025-10-05_17-22-45
2025-10-05_17-24-09,None,draft.py:2025-10-05_17-22-45
2025-10-05_17-24-10,None,draft.py:2025-10-05_17-22-45
2025-10-05_17-24-11,None,draft.py:2025-10-05_17-22-45
2025-10-05_17-28-56,None,draft.py:2025-10-05_17-22-45
2025-10-05_17-28-57,None,draft.py:2025-10-05_17-22-45
2025-10-05_17-30-04,None,draft.py:2025-10-05_17-30-04
2025-10-05_17-30-13,None,draft.py:2025-10-05_17-30-04
2025-10-05_17-30-14,None,draft.py:2025-10-05_17-30-04
2025-10-05_17-30-14,None,draft.py:2025-10-05_17-30-04
2025-10-05_17-30-15,None,draft.py:2025-10-05_17-30-04
2025-10-05_17-30-15,None,draft.py:2025-10-05_17-30-04
2025-10-05_17-30-15,None,draft.py:2025-10-05_17-30-04
2025-10-05_17-30-16,None,draft.py:2025-10-05_17-30-04
2025-10-05_17-30-47,None,draft.py:2025-10-05_17-30-47
2025-10-05_17-31-11,None,draft.py:2025-10-05_17-30-47
2025-10-05_17-33-40,None,draft.py:2025-10-05_17-30-47
2025-10-05_17-34-29,None,draft.py:2025-10-05_17-30-47
2025-10-05_17-34-30,None,draft.py:2025-10-05_17-30-47
2025-10-05_18-10-49,None,draft.py:2025-10-05_17-30-47
2025-10-05_18-13-34,None,draft.py:2025-10-05_18-13-34
2025-10-05_18-14-12,None,draft.py:2025-10-05_18-13-34
2025-10-05_18-15-09,None,draft.py:2025-10-05_18-13-34
2025-10-05_18-15-12,None,draft.py:2025-10-05_18-13-34
2025-10-05_18-16-19,None,draft.py:2025-10-05_18-16-19
2025-10-05_18-18-02,None,draft.py:2025-10-05_18-16-19
2025-10-05_18-20-16,None,draft.py:2025-10-05_18-16-19
